Запонки Ambassador;http://www.silver-mania.ru/category_641.html;3
Каталог запонок Ambassador;http://www.silver-mania.ru/category_641.html;3
За'понки Ambassador каталог;http://www.silver-mania.ru/category_641.html;3
Запонки Амбассадор;http://www.silver-mania.ru/category_641.html;3
Кат"алог запонок Амбассадор;http://www.silver-mania.ru/category_641.html;3
Ювелирные украшения Ambery с янтарем;http://www.silver-mania.ru/category_174.html;3
Украшения Амбери - серебро и янтарь;http://www.silver-mania.ru/category_174.html;3
Каталог украшений с янтарем Ambery;http://www.silver-mania.ru/category_174.html;3
Ambery - украшения с янтарем;http://www.silver-mania.ru/category_174.html;3
Каталог Ambery - украшения с янтарем;http://www.silver-mania.ru/category_174.html;3
Браслеты Амбери с янтарем;http://www.silver-mania.ru/category_664.html;3
Ambery - браслеты с янтарем;http://www.silver-mania.ru/category_664.html;3
Каталог браслетов  c янтарем Ambery ;http://www.silver-mania.ru/category_664.html;3
Браслеты Ambery;http://www.silver-mania.ru/category_664.html;3
"Каталог браслетов  c янтарем ""Амбери""";http://www.silver-mania.ru/category_664.html;3
Броши с янтарем Амбери;http://www.silver-mania.ru/category_666.html;3
